code,term,id
34953211000001105,Rosuvastatin 10mg tablets (Aristo Pharma Ltd),34953211000001105
35019311000001106,Rosuvastatin 10mg tablets (Zentiva),35019311000001106
35027411000001101,Rosuvastatin 10mg tablets (Mylan),35027411000001101
35028611000001104,Rosuvastatin 10mg tablets (Teva UK Ltd),35028611000001104
35031911000001104,Rosuvastatin 10mg tablets (A A H Pharmaceuticals Ltd),35031911000001104
35034411000001109,Rosuvastatin 10mg tablets (Accord Healthcare Ltd),35034411000001109
35035911000001102,Rosuvastatin 10mg tablets (Sandoz Ltd),35035911000001102
35039511000001107,Rosuvastatin 10mg tablets (Alliance Healthcare (Distribution) Ltd),35039511000001107
35042011000001105,Rosuvastatin 10mg tablets (Sun Pharmaceutical Industries Europe B.V.),35042011000001105
35183311000001102,Rosuvastatin 10mg tablets (Milpharm Ltd),35183311000001102
35651811000001101,Rosuvastatin 10mg tablets (Consilient Health Ltd),35651811000001101
36237811000001105,Rosuvastatin 10mg tablets (Medreich Plc),36237811000001105
36499911000001103,Rosuvastatin 10mg tablets (Xiromed),36499911000001103
36730611000001101,Rosuvastatin 10mg tablets (Macleods Pharma UK Ltd),36730611000001101
37611411000001105,Rosuvastatin 10mg tablets (Torrent Pharma (UK) Ltd),37611411000001105
37798011000001101,Rosuvastatin 10mg tablets (DE Pharmaceuticals),37798011000001101
34954211000001108,Rosuvastatin 20mg tablets (Aristo Pharma Ltd),34954211000001108
35019611000001101,Rosuvastatin 20mg tablets (Zentiva),35019611000001101
35027811000001104,Rosuvastatin 20mg tablets (Mylan),35027811000001104
35028211000001101,Rosuvastatin 20mg tablets (Teva UK Ltd),35028211000001101
35032111000001107,Rosuvastatin 20mg tablets (A A H Pharmaceuticals Ltd),35032111000001107
35034611000001107,Rosuvastatin 20mg tablets (Accord Healthcare Ltd),35034611000001107
35036111000001106,Rosuvastatin 20mg tablets (Sandoz Ltd),35036111000001106
35039711000001102,Rosuvastatin 20mg tablets (Alliance Healthcare (Distribution) Ltd),35039711000001102
35042411000001101,Rosuvastatin 20mg tablets (Sun Pharmaceutical Industries Europe B.V.),35042411000001101
35184211000001108,Rosuvastatin 20mg tablets (Milpharm Ltd),35184211000001108
35652011000001104,Rosuvastatin 20mg tablets (Consilient Health Ltd),35652011000001104
36238011000001103,Rosuvastatin 20mg tablets (Medreich Plc),36238011000001103
36500111000001102,Rosuvastatin 20mg tablets (Xiromed),36500111000001102
36732311000001105,Rosuvastatin 20mg tablets (Macleods Pharma UK Ltd),36732311000001105
37611611000001108,Rosuvastatin 20mg tablets (Torrent Pharma (UK) Ltd),37611611000001108
37798511000001109,Rosuvastatin 20mg tablets (DE Pharmaceuticals),37798511000001109
34954611000001105,Rosuvastatin 40mg tablets (Aristo Pharma Ltd),34954611000001105
35018711000001101,Rosuvastatin 40mg tablets (Zentiva),35018711000001101
35028011000001106,Rosuvastatin 40mg tablets (Mylan),35028011000001106
35028411000001102,Rosuvastatin 40mg tablets (Teva UK Ltd),35028411000001102
35032311000001109,Rosuvastatin 40mg tablets (A A H Pharmaceuticals Ltd),35032311000001109
35035011000001101,Rosuvastatin 40mg tablets (Accord Healthcare Ltd),35035011000001101
35036311000001108,Rosuvastatin 40mg tablets (Sandoz Ltd),35036311000001108
35039911000001100,Rosuvastatin 40mg tablets (Alliance Healthcare (Distribution) Ltd),35039911000001100
35041611000001109,Rosuvastatin 40mg tablets (Sun Pharmaceutical Industries Europe B.V.),35041611000001109
35184411000001107,Rosuvastatin 40mg tablets (Milpharm Ltd),35184411000001107
35652211000001109,Rosuvastatin 40mg tablets (Consilient Health Ltd),35652211000001109
36238211000001108,Rosuvastatin 40mg tablets (Medreich Plc),36238211000001108
36500311000001100,Rosuvastatin 40mg tablets (Xiromed),36500311000001100
36734011000001101,Rosuvastatin 40mg tablets (Macleods Pharma UK Ltd),36734011000001101
37611811000001107,Rosuvastatin 40mg tablets (Torrent Pharma (UK) Ltd),37611811000001107
37798711000001104,Rosuvastatin 40mg tablets (DE Pharmaceuticals),37798711000001104
34952711000001106,Rosuvastatin 5mg tablets (Aristo Pharma Ltd),34952711000001106
35018911000001104,Rosuvastatin 5mg tablets (Zentiva),35018911000001104
35027211000001100,Rosuvastatin 5mg tablets (Mylan),35027211000001100
35027611000001103,Rosuvastatin 5mg tablets (Teva UK Ltd),35027611000001103
35031711000001101,Rosuvastatin 5mg tablets (A A H Pharmaceuticals Ltd),35031711000001101
35034211000001105,Rosuvastatin 5mg tablets (Accord Healthcare Ltd),35034211000001105
35035711000001104,Rosuvastatin 5mg tablets (Sandoz Ltd),35035711000001104
35039311000001101,Rosuvastatin 5mg tablets (Alliance Healthcare (Distribution) Ltd),35039311000001101
35041411000001106,Rosuvastatin 5mg tablets (Sun Pharmaceutical Industries Europe B.V.),35041411000001106
35182911000001108,Rosuvastatin 5mg tablets (Milpharm Ltd),35182911000001108
35651611000001100,Rosuvastatin 5mg tablets (Consilient Health Ltd),35651611000001100
36237611000001106,Rosuvastatin 5mg tablets (Medreich Plc),36237611000001106
36499711000001100,Rosuvastatin 5mg tablets (Xiromed),36499711000001100
36725911000001100,Rosuvastatin 5mg tablets (Macleods Pharma UK Ltd),36725911000001100
37611211000001106,Rosuvastatin 5mg tablets (Torrent Pharma (UK) Ltd),37611211000001106
37797511000001105,Rosuvastatin 5mg tablets (DE Pharmaceuticals),37797511000001105
16043011000001101,Rosuvastatin 20mg/5ml oral suspension (Special Order),16043011000001101
4171011000001104,Crestor 10mg tablets (AstraZeneca UK Ltd),4171011000001104
4171311000001101,Crestor 20mg tablets (AstraZeneca UK Ltd),4171311000001101
4172111000001108,Crestor 40mg tablets (AstraZeneca UK Ltd),4172111000001108
9747511000001107,Crestor 5mg tablets (AstraZeneca UK Ltd),9747511000001107
9309911000001100,Inegy 10mg/20mg tablets (Merck Sharp & Dohme Ltd),9309911000001100
9310311000001108,Inegy 10mg/40mg tablets (Merck Sharp & Dohme Ltd),9310311000001108
9310611000001103,Inegy 10mg/80mg tablets (Merck Sharp & Dohme Ltd),9310611000001103
32170911000001100,Cholib 145mg/20mg tablets (Mylan),32170911000001100
32169911000001103,Cholib 145mg/40mg tablets (Mylan),32169911000001103
20448211000001101,Atorvastatin 10mg tablets (Dexcel-Pharma Ltd),20448211000001101
20482711000001104,Atorvastatin 10mg tablets (Accord Healthcare Ltd),20482711000001104
20491711000001105,Atorvastatin 10mg tablets (A A H Pharmaceuticals Ltd),20491711000001105
20492811000001106,Atorvastatin 10mg tablets (Teva UK Ltd),20492811000001106
20496111000001100,Atorvastatin 10mg tablets (Aspire Pharma Ltd),20496111000001100
20507911000001106,Atorvastatin 10mg tablets (Alliance Healthcare (Distribution) Ltd),20507911000001106
20529411000001104,Atorvastatin 10mg tablets (Consilient Health Ltd),20529411000001104
20569311000001104,Atorvastatin 10mg tablets (Arrow Generics Ltd),20569311000001104
20572511000001108,Atorvastatin 10mg tablets (Wockhardt UK Ltd),20572511000001108
20576911000001102,Atorvastatin 10mg tablets (Zentiva),20576911000001102
20977811000001101,Atorvastatin 10mg tablets (Upjohn UK Ltd),20977811000001101
20982011000001104,Atorvastatin 10mg tablets (Dr Reddy's Laboratories (UK) Ltd),20982011000001104
21779211000001107,Atorvastatin 10mg tablets (Waymade Healthcare Plc),21779211000001107
22047311000001108,Atorvastatin 10mg tablets (Almus Pharmaceuticals Ltd),22047311000001108
22201511000001108,Atorvastatin 10mg tablets (Phoenix Healthcare Distribution Ltd),22201511000001108
22612811000001102,Atorvastatin 10mg tablets (DE Pharmaceuticals),22612811000001102
22940511000001105,Atorvastatin 10mg tablets (Ranbaxy (UK) Ltd),22940511000001105
29771911000001107,Atorvastatin 10mg tablets (Sigma Pharmaceuticals Plc),29771911000001107
32394611000001102,Atorvastatin 10mg tablets (Kent Pharmaceuticals Ltd),32394611000001102
33556411000001105,Atorvastatin 10mg tablets (Mylan),33556411000001105
34961511000001102,Atorvastatin 10mg tablets (Bristol Laboratories Ltd),34961511000001102
35136011000001102,Atorvastatin 10mg tablets (Milpharm Ltd),35136011000001102
36491211000001106,Atorvastatin 10mg tablets (Xiromed),36491211000001106
36954211000001102,Atorvastatin 10mg tablets (Flamingo Pharma (UK) Ltd),36954211000001102
37037211000001102,Atorvastatin 10mg tablets (Mawdsley-Brooks & Company Ltd),37037211000001102
37568611000001105,Atorvastatin 10mg tablets (NorthStar Healthcare Unlimited Company),37568611000001105
20448411000001102,Atorvastatin 20mg tablets (Dexcel-Pharma Ltd),20448411000001102
20482911000001102,Atorvastatin 20mg tablets (Accord Healthcare Ltd),20482911000001102
20491911000001107,Atorvastatin 20mg tablets (A A H Pharmaceuticals Ltd),20491911000001107
20494411000001102,Atorvastatin 20mg tablets (Teva UK Ltd),20494411000001102
20496611000001108,Atorvastatin 20mg tablets (Aspire Pharma Ltd),20496611000001108
20508111000001109,Atorvastatin 20mg tablets (Alliance Healthcare (Distribution) Ltd),20508111000001109
20529611000001101,Atorvastatin 20mg tablets (Consilient Health Ltd),20529611000001101
20569511000001105,Atorvastatin 20mg tablets (Arrow Generics Ltd),20569511000001105
20572711000001103,Atorvastatin 20mg tablets (Wockhardt UK Ltd),20572711000001103
20577211000001108,Atorvastatin 20mg tablets (Zentiva),20577211000001108
20978111000001109,Atorvastatin 20mg tablets (Upjohn UK Ltd),20978111000001109
20982411000001108,Atorvastatin 20mg tablets (Dr Reddy's Laboratories (UK) Ltd),20982411000001108
21779411000001106,Atorvastatin 20mg tablets (Waymade Healthcare Plc),21779411000001106
22047511000001102,Atorvastatin 20mg tablets (Almus Pharmaceuticals Ltd),22047511000001102
22201711000001103,Atorvastatin 20mg tablets (Phoenix Healthcare Distribution Ltd),22201711000001103
22613011000001104,Atorvastatin 20mg tablets (DE Pharmaceuticals),22613011000001104
22940911000001103,Atorvastatin 20mg tablets (Ranbaxy (UK) Ltd),22940911000001103
29772111000001104,Atorvastatin 20mg tablets (Sigma Pharmaceuticals Plc),29772111000001104
32394811000001103,Atorvastatin 20mg tablets (Kent Pharmaceuticals Ltd),32394811000001103
33556611000001108,Atorvastatin 20mg tablets (Mylan),33556611000001108
34961811000001104,Atorvastatin 20mg tablets (Bristol Laboratories Ltd),34961811000001104
35136211000001107,Atorvastatin 20mg tablets (Milpharm Ltd),35136211000001107
36491411000001105,Atorvastatin 20mg tablets (Xiromed),36491411000001105
36954411000001103,Atorvastatin 20mg tablets (Flamingo Pharma (UK) Ltd),36954411000001103
37037611000001100,Atorvastatin 20mg tablets (Mawdsley-Brooks & Company Ltd),37037611000001100
37569711000001105,Atorvastatin 20mg tablets (NorthStar Healthcare Unlimited Company),37569711000001105
20448611000001104,Atorvastatin 40mg tablets (Dexcel-Pharma Ltd),20448611000001104
20483111000001106,Atorvastatin 40mg tablets (Accord Healthcare Ltd),20483111000001106
20492311000001102,Atorvastatin 40mg tablets (A A H Pharmaceuticals Ltd),20492311000001102
20494711000001108,Atorvastatin 40mg tablets (Teva UK Ltd),20494711000001108
20496911000001102,Atorvastatin 40mg tablets (Aspire Pharma Ltd),20496911000001102
20508311000001106,Atorvastatin 40mg tablets (Alliance Healthcare (Distribution) Ltd),20508311000001106
20529811000001102,Atorvastatin 40mg tablets (Consilient Health Ltd),20529811000001102
20570211000001109,Atorvastatin 40mg tablets (Arrow Generics Ltd),20570211000001109
20573211000001104,Atorvastatin 40mg tablets (Wockhardt UK Ltd),20573211000001104
20577411000001107,Atorvastatin 40mg tablets (Zentiva),20577411000001107
20978811000001102,Atorvastatin 40mg tablets (Upjohn UK Ltd),20978811000001102
20982611000001106,Atorvastatin 40mg tablets (Dr Reddy's Laboratories (UK) Ltd),20982611000001106
21779611000001109,Atorvastatin 40mg tablets (Waymade Healthcare Plc),21779611000001109
22047711000001107,Atorvastatin 40mg tablets (Almus Pharmaceuticals Ltd),22047711000001107
22202111000001109,Atorvastatin 40mg tablets (Phoenix Healthcare Distribution Ltd),22202111000001109
22613211000001109,Atorvastatin 40mg tablets (DE Pharmaceuticals),22613211000001109
22941211000001101,Atorvastatin 40mg tablets (Ranbaxy (UK) Ltd),22941211000001101
29772511000001108,Atorvastatin 40mg tablets (Sigma Pharmaceuticals Plc),29772511000001108
32395011000001108,Atorvastatin 40mg tablets (Kent Pharmaceuticals Ltd),32395011000001108
33556811000001107,Atorvastatin 40mg tablets (Mylan),33556811000001107
35136411000001106,Atorvastatin 40mg tablets (Milpharm Ltd),35136411000001106
36491611000001108,Atorvastatin 40mg tablets (Xiromed),36491611000001108
36566711000001104,Atorvastatin 40mg tablets (Bristol Laboratories Ltd),36566711000001104
36954611000001100,Atorvastatin 40mg tablets (Flamingo Pharma (UK) Ltd),36954611000001100
37038711000001105,Atorvastatin 40mg tablets (Mawdsley-Brooks & Company Ltd),37038711000001105
37569111000001109,Atorvastatin 40mg tablets (NorthStar Healthcare Unlimited Company),37569111000001109
20483311000001108,Atorvastatin 80mg tablets (Accord Healthcare Ltd),20483311000001108
20492611000001107,Atorvastatin 80mg tablets (A A H Pharmaceuticals Ltd),20492611000001107
20495411000001101,Atorvastatin 80mg tablets (Teva UK Ltd),20495411000001101
20497611000001105,Atorvastatin 80mg tablets (Aspire Pharma Ltd),20497611000001105
20508511000001100,Atorvastatin 80mg tablets (Alliance Healthcare (Distribution) Ltd),20508511000001100
20513411000001108,Atorvastatin 80mg tablets (Consilient Health Ltd),20513411000001108
20570911000001100,Atorvastatin 80mg tablets (Arrow Generics Ltd),20570911000001100
20573911000001108,Atorvastatin 80mg tablets (Wockhardt UK Ltd),20573911000001108
20577611000001105,Atorvastatin 80mg tablets (Zentiva),20577611000001105
20979511000001106,Atorvastatin 80mg tablets (Upjohn UK Ltd),20979511000001106
20982911000001100,Atorvastatin 80mg tablets (Dr Reddy's Laboratories (UK) Ltd),20982911000001100
21779811000001108,Atorvastatin 80mg tablets (Waymade Healthcare Plc),21779811000001108
22047911000001109,Atorvastatin 80mg tablets (Almus Pharmaceuticals Ltd),22047911000001109
22202511000001100,Atorvastatin 80mg tablets (Phoenix Healthcare Distribution Ltd),22202511000001100
22613511000001107,Atorvastatin 80mg tablets (DE Pharmaceuticals),22613511000001107
22941511000001103,Atorvastatin 80mg tablets (Ranbaxy (UK) Ltd),22941511000001103
29772911000001101,Atorvastatin 80mg tablets (Sigma Pharmaceuticals Plc),29772911000001101
32395211000001103,Atorvastatin 80mg tablets (Kent Pharmaceuticals Ltd),32395211000001103
33557011000001103,Atorvastatin 80mg tablets (Mylan),33557011000001103
35136611000001109,Atorvastatin 80mg tablets (Milpharm Ltd),35136611000001109
35364311000001108,Atorvastatin 80mg tablets (Dexcel-Pharma Ltd),35364311000001108
36491811000001107,Atorvastatin 80mg tablets (Xiromed),36491811000001107
36566911000001102,Atorvastatin 80mg tablets (Bristol Laboratories Ltd),36566911000001102
36954811000001101,Atorvastatin 80mg tablets (Flamingo Pharma (UK) Ltd),36954811000001101
37039111000001102,Atorvastatin 80mg tablets (Mawdsley-Brooks & Company Ltd),37039111000001102
37568411000001107,Atorvastatin 80mg tablets (NorthStar Healthcare Unlimited Company),37568411000001107
14011411000001109,Atorvastatin 20mg/5ml oral solution (Special Order),14011411000001109
14078611000001109,Atorvastatin 40mg/5ml oral solution (Special Order),14078611000001109
14079011000001107,Atorvastatin 40mg/5ml oral suspension (Special Order),14079011000001107
14157311000001109,Atorvastatin 10mg/5ml oral solution (Special Order),14157311000001109
14157611000001104,Atorvastatin 10mg/5ml oral suspension (Special Order),14157611000001104
20512911000001107,Atorvastatin 30mg tablets (Consilient Health Ltd),20512911000001107
20970011000001106,Atorvastatin 30mg tablets (Alliance Healthcare (Distribution) Ltd),20970011000001106
21099211000001101,Atorvastatin 30mg tablets (A A H Pharmaceuticals Ltd),21099211000001101
23645611000001106,Atorvastatin 30mg tablets (Phoenix Healthcare Distribution Ltd),23645611000001106
29772311000001102,Atorvastatin 30mg tablets (Sigma Pharmaceuticals Plc),29772311000001102
37106911000001105,Atorvastatin 30mg tablets (DE Pharmaceuticals),37106911000001105
20513211000001109,Atorvastatin 60mg tablets (Consilient Health Ltd),20513211000001109
20970211000001101,Atorvastatin 60mg tablets (Alliance Healthcare (Distribution) Ltd),20970211000001101
21099411000001102,Atorvastatin 60mg tablets (A A H Pharmaceuticals Ltd),21099411000001102
23645811000001105,Atorvastatin 60mg tablets (Phoenix Healthcare Distribution Ltd),23645811000001105
29772711000001103,Atorvastatin 60mg tablets (Sigma Pharmaceuticals Plc),29772711000001103
37107111000001105,Atorvastatin 60mg tablets (DE Pharmaceuticals),37107111000001105
14012011000001108,Atorvastatin 20mg/5ml oral suspension (Drug Tariff Special Order),14012011000001108
643911000001108,Lipitor 10mg tablets (Upjohn UK Ltd),643911000001108
232011000001102,Lipitor 20mg tablets (Upjohn UK Ltd),232011000001102
484211000001108,Lipitor 40mg tablets (Upjohn UK Ltd),484211000001108
756111000001109,Lipitor 80mg tablets (Upjohn UK Ltd),756111000001109
19719311000001104,Lipitor 10mg chewable tablets (Upjohn UK Ltd),19719311000001104
19719611000001109,Lipitor 20mg chewable tablets (Upjohn UK Ltd),19719611000001109
14036511000001107,Fluvastatin 20mg capsules (Zentiva),14036511000001107
14037111000001100,Fluvastatin 20mg capsules (Alliance Healthcare (Distribution) Ltd),14037111000001100
14168511000001107,Fluvastatin 20mg capsules (Teva UK Ltd),14168511000001107
14584311000001100,Fluvastatin 20mg capsules (A A H Pharmaceuticals Ltd),14584311000001100
16237911000001102,Fluvastatin 20mg capsules (Actavis UK Ltd),16237911000001102
16631611000001101,Fluvastatin 20mg capsules (Mylan),16631611000001101
17910811000001100,Fluvastatin 20mg capsules (Phoenix Healthcare Distribution Ltd),17910811000001100
20289311000001105,Fluvastatin 20mg capsules (Sandoz Ltd),20289311000001105
22015311000001107,Fluvastatin 20mg capsules (Waymade Healthcare Plc),22015311000001107
23980611000001109,Fluvastatin 20mg capsules (DE Pharmaceuticals),23980611000001109
29866311000001108,Fluvastatin 20mg capsules (Sigma Pharmaceuticals Plc),29866311000001108
30132511000001101,Fluvastatin 20mg capsules (Mawdsley-Brooks & Company Ltd),30132511000001101
36835711000001103,Fluvastatin 20mg capsules (Torrent Pharma (UK) Ltd),36835711000001103
14036711000001102,Fluvastatin 40mg capsules (Zentiva),14036711000001102
14037311000001103,Fluvastatin 40mg capsules (Alliance Healthcare (Distribution) Ltd),14037311000001103
14168911000001100,Fluvastatin 40mg capsules (Teva UK Ltd),14168911000001100
14584511000001106,Fluvastatin 40mg capsules (A A H Pharmaceuticals Ltd),14584511000001106
15088911000001103,Fluvastatin 40mg capsules (Sigma Pharmaceuticals Plc),15088911000001103
16238111000001104,Fluvastatin 40mg capsules (Actavis UK Ltd),16238111000001104
16631811000001102,Fluvastatin 40mg capsules (Mylan),16631811000001102
17911011000001102,Fluvastatin 40mg capsules (Phoenix Healthcare Distribution Ltd),17911011000001102
20289511000001104,Fluvastatin 40mg capsules (Sandoz Ltd),20289511000001104
22015511000001101,Fluvastatin 40mg capsules (Waymade Healthcare Plc),22015511000001101
23980811000001108,Fluvastatin 40mg capsules (DE Pharmaceuticals),23980811000001108
30132711000001106,Fluvastatin 40mg capsules (Mawdsley-Brooks & Company Ltd),30132711000001106
36836011000001109,Fluvastatin 40mg capsules (Torrent Pharma (UK) Ltd),36836011000001109
23484111000001107,Fluvastatin 80mg modified-release tablets (Accord Healthcare Ltd),23484111000001107
84811000001104,Lescol 20mg capsules (Novartis Pharmaceuticals UK Ltd),84811000001104
409611000001108,Lescol 40mg capsules (Novartis Pharmaceuticals UK Ltd),409611000001108
378111000001106,Lescol XL 80mg tablets (Novartis Pharmaceuticals UK Ltd),378111000001106
15364211000001102,Luvinsta XL 80mg tablets (Actavis UK Ltd),15364211000001102
17282011000001107,Dorisin XL 80mg tablets (Aspire Pharma Ltd),17282011000001107
17332011000001106,Stefluvin XL 80mg tablets (Zentiva),17332011000001106
23864311000001100,Nandovar XL 80mg tablets (Sandoz Ltd),23864311000001100
7943211000001101,Pravastatin 10mg tablets (Teva UK Ltd),7943211000001101
7958411000001106,Pravastatin 10mg tablets (Actavis UK Ltd),7958411000001106
7959511000001104,Pravastatin 10mg tablets (IVAX Pharmaceuticals UK Ltd),7959511000001104
7976411000001108,Pravastatin 10mg tablets (A A H Pharmaceuticals Ltd),7976411000001108
7997711000001109,Pravastatin 10mg tablets (Sandoz Ltd),7997711000001109
8027011000001101,Pravastatin 10mg tablets (Alliance Healthcare (Distribution) Ltd),8027011000001101
8098211000001102,Pravastatin 10mg tablets (Kent Pharmaceuticals Ltd),8098211000001102
8101611000001104,Pravastatin 10mg tablets (Zentiva),8101611000001104
8103411000001103,Pravastatin 10mg tablets (Ranbaxy (UK) Ltd),8103411000001103
8112911000001101,Pravastatin 10mg tablets (Mylan),8112911000001101
9806311000001106,Pravastatin 10mg tablets (Almus Pharmaceuticals Ltd),9806311000001106
10298911000001103,Pravastatin 10mg tablets (Focus Pharmaceuticals Ltd),10298911000001103
10403811000001101,Pravastatin 10mg tablets (Arrow Generics Ltd),10403811000001101
11410411000001102,Pravastatin 10mg tablets (PLIVA Pharma Ltd),11410411000001102
13761111000001104,Pravastatin 10mg tablets (Tillomed Laboratories Ltd),13761111000001104
13768211000001101,Pravastatin 10mg tablets (Apotex UK Ltd),13768211000001101
15174911000001105,Pravastatin 10mg tablets (Sigma Pharmaceuticals Plc),15174911000001105
17915411000001109,Pravastatin 10mg tablets (Phoenix Healthcare Distribution Ltd),17915411000001109
18465211000001102,Pravastatin 10mg tablets (Accord Healthcare Ltd),18465211000001102
19731611000001100,Pravastatin 10mg tablets (Medreich Plc),19731611000001100
21850611000001104,Pravastatin 10mg tablets (Waymade Healthcare Plc),21850611000001104
30113411000001104,Pravastatin 10mg tablets (DE Pharmaceuticals),30113411000001104
35175811000001102,Pravastatin 10mg tablets (Milpharm Ltd),35175811000001102
37129211000001100,Pravastatin 10mg tablets (Mawdsley-Brooks & Company Ltd),37129211000001100
7943411000001102,Pravastatin 20mg tablets (Teva UK Ltd),7943411000001102
7958811000001108,Pravastatin 20mg tablets (Actavis UK Ltd),7958811000001108
7959711000001109,Pravastatin 20mg tablets (IVAX Pharmaceuticals UK Ltd),7959711000001109
7976911000001100,Pravastatin 20mg tablets (A A H Pharmaceuticals Ltd),7976911000001100
7998011000001108,Pravastatin 20mg tablets (Sandoz Ltd),7998011000001108
8027311000001103,Pravastatin 20mg tablets (Alliance Healthcare (Distribution) Ltd),8027311000001103
8099311000001104,Pravastatin 20mg tablets (Kent Pharmaceuticals Ltd),8099311000001104
8101811000001100,Pravastatin 20mg tablets (Zentiva),8101811000001100
8103611000001100,Pravastatin 20mg tablets (Ranbaxy (UK) Ltd),8103611000001100
8113111000001105,Pravastatin 20mg tablets (Mylan),8113111000001105
9806911000001107,Pravastatin 20mg tablets (Almus Pharmaceuticals Ltd),9806911000001107
10298411000001106,Pravastatin 20mg tablets (Focus Pharmaceuticals Ltd),10298411000001106
10404011000001109,Pravastatin 20mg tablets (Arrow Generics Ltd),10404011000001109
11410611000001104,Pravastatin 20mg tablets (PLIVA Pharma Ltd),11410611000001104
13761311000001102,Pravastatin 20mg tablets (Tillomed Laboratories Ltd),13761311000001102
13768411000001102,Pravastatin 20mg tablets (Apotex UK Ltd),13768411000001102
15175111000001106,Pravastatin 20mg tablets (Sigma Pharmaceuticals Plc),15175111000001106
17915711000001103,Pravastatin 20mg tablets (Phoenix Healthcare Distribution Ltd),17915711000001103
18465411000001103,Pravastatin 20mg tablets (Accord Healthcare Ltd),18465411000001103
19731911000001106,Pravastatin 20mg tablets (Medreich Plc),19731911000001106
21850811000001100,Pravastatin 20mg tablets (Waymade Healthcare Plc),21850811000001100
30113611000001101,Pravastatin 20mg tablets (DE Pharmaceuticals),30113611000001101
35176011000001104,Pravastatin 20mg tablets (Milpharm Ltd),35176011000001104
37129411000001101,Pravastatin 20mg tablets (Mawdsley-Brooks & Company Ltd),37129411000001101
7943611000001104,Pravastatin 40mg tablets (Teva UK Ltd),7943611000001104
7959111000001108,Pravastatin 40mg tablets (Actavis UK Ltd),7959111000001108
7959911000001106,Pravastatin 40mg tablets (IVAX Pharmaceuticals UK Ltd),7959911000001106
7977111000001100,Pravastatin 40mg tablets (A A H Pharmaceuticals Ltd),7977111000001100
7999211000001108,Pravastatin 40mg tablets (Sandoz Ltd),7999211000001108
8027611000001108,Pravastatin 40mg tablets (Alliance Healthcare (Distribution) Ltd),8027611000001108
8099711000001100,Pravastatin 40mg tablets (Kent Pharmaceuticals Ltd),8099711000001100
8102011000001103,Pravastatin 40mg tablets (Zentiva),8102011000001103
8103911000001106,Pravastatin 40mg tablets (Ranbaxy (UK) Ltd),8103911000001106
8113311000001107,Pravastatin 40mg tablets (Mylan),8113311000001107
9807511000001103,Pravastatin 40mg tablets (Almus Pharmaceuticals Ltd),9807511000001103
10298011000001102,Pravastatin 40mg tablets (Focus Pharmaceuticals Ltd),10298011000001102
10404211000001104,Pravastatin 40mg tablets (Arrow Generics Ltd),10404211000001104
11410811000001100,Pravastatin 40mg tablets (PLIVA Pharma Ltd),11410811000001100
13761511000001108,Pravastatin 40mg tablets (Tillomed Laboratories Ltd),13761511000001108
13768611000001104,Pravastatin 40mg tablets (Apotex UK Ltd),13768611000001104
15175311000001108,Pravastatin 40mg tablets (Sigma Pharmaceuticals Plc),15175311000001108
17916111000001105,Pravastatin 40mg tablets (Phoenix Healthcare Distribution Ltd),17916111000001105
18465611000001100,Pravastatin 40mg tablets (Accord Healthcare Ltd),18465611000001100
19732111000001103,Pravastatin 40mg tablets (Medreich Plc),19732111000001103
21851011000001102,Pravastatin 40mg tablets (Waymade Healthcare Plc),21851011000001102
30113811000001102,Pravastatin 40mg tablets (DE Pharmaceuticals),30113811000001102
35176211000001109,Pravastatin 40mg tablets (Milpharm Ltd),35176211000001109
37129811000001104,Pravastatin 40mg tablets (Mawdsley-Brooks & Company Ltd),37129811000001104
15523511000001106,Pravastatin 40mg/5ml oral solution (Special Order),15523511000001106
15523811000001109,Pravastatin 40mg/5ml oral suspension (Special Order),15523811000001109
14951411000001107,Pravastatin 5mg/5ml oral solution (Special Order),14951411000001107
14951711000001101,Pravastatin 5mg/5ml oral suspension (Special Order),14951711000001101
13882811000001101,Pravastatin 20mg/5ml oral solution (Special Order),13882811000001101
13885211000001107,Pravastatin 20mg/5ml oral suspension (Special Order),13885211000001107
28772011000001102,Pravastatin 5mg oral powder sachets (Special Order),28772011000001102
802411000001108,Lipostat 10mg tablets (Bristol-Myers Squibb Pharmaceuticals Ltd),802411000001108
454111000001107,Lipostat 20mg tablets (Bristol-Myers Squibb Pharmaceuticals Ltd),454111000001107
535011000001102,Lipostat 40mg tablets (Bristol-Myers Squibb Pharmaceuticals Ltd),535011000001102
4380611000001102,Simvastatin 10mg tablets (Teva UK Ltd),4380611000001102
4436811000001101,Simvastatin 10mg tablets (Actavis UK Ltd),4436811000001101
4463811000001100,Simvastatin 10mg tablets (Mylan),4463811000001100
4465011000001107,Simvastatin 10mg tablets (Ranbaxy (UK) Ltd),4465011000001107
4466211000001108,Simvastatin 10mg tablets (IVAX Pharmaceuticals UK Ltd),4466211000001108
4466911000001104,Simvastatin 10mg tablets (Kent Pharmaceuticals Ltd),4466911000001104
4467711000001103,Simvastatin 10mg tablets (Sterwin Medicines),4467711000001103
4480311000001101,Simvastatin 10mg tablets (Wockhardt UK Ltd),4480311000001101
4574411000001101,Simvastatin 10mg tablets (Alliance Healthcare (Distribution) Ltd),4574411000001101
4578011000001101,Simvastatin 10mg tablets (A A H Pharmaceuticals Ltd),4578011000001101
4579911000001105,Simvastatin 10mg tablets (Sandoz Ltd),4579911000001105
9805011000001104,Simvastatin 10mg tablets (Almus Pharmaceuticals Ltd),9805011000001104
10295911000001109,Simvastatin 10mg tablets (Focus Pharmaceuticals Ltd),10295911000001109
10296911000001102,Simvastatin 10mg tablets (Relonchem Ltd),10296911000001102
10413811000001103,Simvastatin 10mg tablets (Arrow Generics Ltd),10413811000001103
10618511000001107,Simvastatin 10mg tablets (Somex Pharma),10618511000001107
10733011000001107,Simvastatin 10mg tablets (Zentiva),10733011000001107
11414211000001109,Simvastatin 10mg tablets (PLIVA Pharma Ltd),11414211000001109
11551311000001101,Simvastatin 10mg tablets (Dexcel-Pharma Ltd),11551311000001101
13762911000001107,Simvastatin 10mg tablets (Tillomed Laboratories Ltd),13762911000001107
15188311000001107,Simvastatin 10mg tablets (Sigma Pharmaceuticals Plc),15188311000001107
16066711000001104,Simvastatin 10mg tablets (Bristol Laboratories Ltd),16066711000001104
17928611000001107,Simvastatin 10mg tablets (Phoenix Healthcare Distribution Ltd),17928611000001107
18467811000001106,Simvastatin 10mg tablets (Accord Healthcare Ltd),18467811000001106
19197411000001105,Simvastatin 10mg tablets (Milpharm Ltd),19197411000001105
19733211000001103,Simvastatin 10mg tablets (Medreich Plc),19733211000001103
21899011000001107,Simvastatin 10mg tablets (Waymade Healthcare Plc),21899011000001107
28918311000001104,Simvastatin 10mg tablets (Crescent Pharma Ltd),28918311000001104
30097311000001108,Simvastatin 10mg tablets (DE Pharmaceuticals),30097311000001108
32494611000001109,Simvastatin 10mg tablets (Brown & Burk UK Ltd),32494611000001109
33654911000001100,Simvastatin 10mg tablets (Genesis Pharmaceuticals Ltd),33654911000001100
4380911000001108,Simvastatin 20mg tablets (Teva UK Ltd),4380911000001108
4437011000001105,Simvastatin 20mg tablets (Actavis UK Ltd),4437011000001105
4464011000001108,Simvastatin 20mg tablets (Mylan),4464011000001108
4465311000001105,Simvastatin 20mg tablets (Ranbaxy (UK) Ltd),4465311000001105
4466511000001106,Simvastatin 20mg tablets (IVAX Pharmaceuticals UK Ltd),4466511000001106
4467111000001104,Simvastatin 20mg tablets (Kent Pharmaceuticals Ltd),4467111000001104
4467911000001101,Simvastatin 20mg tablets (Sterwin Medicines),4467911000001101
4480511000001107,Simvastatin 20mg tablets (Wockhardt UK Ltd),4480511000001107
4574611000001103,Simvastatin 20mg tablets (Alliance Healthcare (Distribution) Ltd),4574611000001103
4578811000001107,Simvastatin 20mg tablets (A A H Pharmaceuticals Ltd),4578811000001107
4580111000001107,Simvastatin 20mg tablets (Sandoz Ltd),4580111000001107
9804811000001109,Simvastatin 20mg tablets (Almus Pharmaceuticals Ltd),9804811000001109
10295711000001107,Simvastatin 20mg tablets (Focus Pharmaceuticals Ltd),10295711000001107
10297311000001100,Simvastatin 20mg tablets (Relonchem Ltd),10297311000001100
10414011000001106,Simvastatin 20mg tablets (Arrow Generics Ltd),10414011000001106
10618711000001102,Simvastatin 20mg tablets (Somex Pharma),10618711000001102
10733511000001104,Simvastatin 20mg tablets (Zentiva),10733511000001104
11414411000001108,Simvastatin 20mg tablets (PLIVA Pharma Ltd),11414411000001108
11551511000001107,Simvastatin 20mg tablets (Dexcel-Pharma Ltd),11551511000001107
13763111000001103,Simvastatin 20mg tablets (Tillomed Laboratories Ltd),13763111000001103
15171911000001107,Simvastatin 20mg tablets (Sigma Pharmaceuticals Plc),15171911000001107
16066911000001102,Simvastatin 20mg tablets (Bristol Laboratories Ltd),16066911000001102
17785511000001104,Simvastatin 20mg tablets (Phoenix Healthcare Distribution Ltd),17785511000001104
18468011000001104,Simvastatin 20mg tablets (Accord Healthcare Ltd),18468011000001104
19197611000001108,Simvastatin 20mg tablets (Milpharm Ltd),19197611000001108
19733411000001104,Simvastatin 20mg tablets (Medreich Plc),19733411000001104
21899311000001105,Simvastatin 20mg tablets (Waymade Healthcare Plc),21899311000001105
28988511000001107,Simvastatin 20mg tablets (Crescent Pharma Ltd),28988511000001107
30097511000001102,Simvastatin 20mg tablets (DE Pharmaceuticals),30097511000001102
32494811000001108,Simvastatin 20mg tablets (Brown & Burk UK Ltd),32494811000001108
33555611000001103,Simvastatin 20mg tablets (Genesis Pharmaceuticals Ltd),33555611000001103
37140311000001102,Simvastatin 20mg tablets (Mawdsley-Brooks & Company Ltd),37140311000001102
4381111000001104,Simvastatin 40mg tablets (Teva UK Ltd),4381111000001104
4437211000001100,Simvastatin 40mg tablets (Actavis UK Ltd),4437211000001100
4464211000001103,Simvastatin 40mg tablets (Mylan),4464211000001103
4465611000001100,Simvastatin 40mg tablets (Ranbaxy (UK) Ltd),4465611000001100
4466711000001101,Simvastatin 40mg tablets (IVAX Pharmaceuticals UK Ltd),4466711000001101
4467311000001102,Simvastatin 40mg tablets (Kent Pharmaceuticals Ltd),4467311000001102
4468111000001103,Simvastatin 40mg tablets (Sterwin Medicines),4468111000001103
4480711000001102,Simvastatin 40mg tablets (Wockhardt UK Ltd),4480711000001102
4574811000001104,Simvastatin 40mg tablets (Alliance Healthcare (Distribution) Ltd),4574811000001104
4579011000001106,Simvastatin 40mg tablets (A A H Pharmaceuticals Ltd),4579011000001106
4580311000001109,Simvastatin 40mg tablets (Sandoz Ltd),4580311000001109
9804311000001100,Simvastatin 40mg tablets (Almus Pharmaceuticals Ltd),9804311000001100
10295411000001101,Simvastatin 40mg tablets (Focus Pharmaceuticals Ltd),10295411000001101
10297511000001106,Simvastatin 40mg tablets (Relonchem Ltd),10297511000001106
10414211000001101,Simvastatin 40mg tablets (Arrow Generics Ltd),10414211000001101
10618911000001100,Simvastatin 40mg tablets (Somex Pharma),10618911000001100
10733711000001109,Simvastatin 40mg tablets (Zentiva),10733711000001109
11414611000001106,Simvastatin 40mg tablets (PLIVA Pharma Ltd),11414611000001106
11551711000001102,Simvastatin 40mg tablets (Dexcel-Pharma Ltd),11551711000001102
13763311000001101,Simvastatin 40mg tablets (Tillomed Laboratories Ltd),13763311000001101
15172411000001109,Simvastatin 40mg tablets (Sigma Pharmaceuticals Plc),15172411000001109
16067211000001108,Simvastatin 40mg tablets (Bristol Laboratories Ltd),16067211000001108
17793911000001109,Simvastatin 40mg tablets (Phoenix Healthcare Distribution Ltd),17793911000001109
18468511000001107,Simvastatin 40mg tablets (Accord Healthcare Ltd),18468511000001107
19197811000001107,Simvastatin 40mg tablets (Milpharm Ltd),19197811000001107
19733611000001101,Simvastatin 40mg tablets (Medreich Plc),19733611000001101
21899611000001100,Simvastatin 40mg tablets (Waymade Healthcare Plc),21899611000001100
28918111000001101,Simvastatin 40mg tablets (Crescent Pharma Ltd),28918111000001101
30097711000001107,Simvastatin 40mg tablets (DE Pharmaceuticals),30097711000001107
32495011000001103,Simvastatin 40mg tablets (Brown & Burk UK Ltd),32495011000001103
32809411000001100,Simvastatin 40mg tablets (Genesis Pharmaceuticals Ltd),32809411000001100
37140511000001108,Simvastatin 40mg tablets (Mawdsley-Brooks & Company Ltd),37140511000001108
8697411000001109,Simvastatin 10mg/5ml oral suspension (Special Order),8697411000001109
8697911000001101,Simvastatin 20mg/5ml oral suspension (Special Order),8697911000001101
13885511000001105,Simvastatin 20mg/5ml oral solution (Special Order),13885511000001105
4464511000001100,Simvastatin 80mg tablets (Mylan),4464511000001100
4575011000001109,Simvastatin 80mg tablets (Alliance Healthcare (Distribution) Ltd),4575011000001109
4579211000001101,Simvastatin 80mg tablets (A A H Pharmaceuticals Ltd),4579211000001101
5476111000001102,Simvastatin 80mg tablets (Teva UK Ltd),5476111000001102
6326511000001104,Simvastatin 80mg tablets (Kent Pharmaceuticals Ltd),6326511000001104
7402811000001100,Simvastatin 80mg tablets (IVAX Pharmaceuticals UK Ltd),7402811000001100
9804011000001103,Simvastatin 80mg tablets (Almus Pharmaceuticals Ltd),9804011000001103
10294811000001100,Simvastatin 80mg tablets (Focus Pharmaceuticals Ltd),10294811000001100
10414411000001102,Simvastatin 80mg tablets (Arrow Generics Ltd),10414411000001102
10892211000001104,Simvastatin 80mg tablets (Actavis UK Ltd),10892211000001104
13763511000001107,Simvastatin 80mg tablets (Tillomed Laboratories Ltd),13763511000001107
14163111000001107,Simvastatin 80mg tablets (Healthcare Pharma Ltd),14163111000001107
15172911000001101,Simvastatin 80mg tablets (Sigma Pharmaceuticals Plc),15172911000001101
17795611000001104,Simvastatin 80mg tablets (Phoenix Healthcare Distribution Ltd),17795611000001104
18468711000001102,Simvastatin 80mg tablets (Accord Healthcare Ltd),18468711000001102
19198011000001100,Simvastatin 80mg tablets (Milpharm Ltd),19198011000001100
19733811000001102,Simvastatin 80mg tablets (Medreich Plc),19733811000001102
21899811000001101,Simvastatin 80mg tablets (Waymade Healthcare Plc),21899811000001101
30097911000001109,Simvastatin 80mg tablets (DE Pharmaceuticals),30097911000001109
32495311000001100,Simvastatin 80mg tablets (Brown & Burk UK Ltd),32495311000001100
36114011000001103,Simvastatin 80mg tablets (Crescent Pharma Ltd),36114011000001103
37140711000001103,Simvastatin 80mg tablets (Mawdsley-Brooks & Company Ltd),37140711000001103
17305411000001100,Simvastatin 20mg/5ml oral suspension sugar free (Rosemont Pharmaceuticals Ltd),17305411000001100
17841911000001100,Simvastatin 20mg/5ml oral suspension sugar free (Alliance Healthcare (Distribution) Ltd),17841911000001100
18718611000001102,Simvastatin 20mg/5ml oral suspension sugar free (Sigma Pharmaceuticals Plc),18718611000001102
18757511000001106,Simvastatin 20mg/5ml oral suspension sugar free (A A H Pharmaceuticals Ltd),18757511000001106
21898011000001102,Simvastatin 20mg/5ml oral suspension sugar free (Waymade Healthcare Plc),21898011000001102
37804611000001103,Simvastatin 20mg/5ml oral suspension sugar free (DE Pharmaceuticals),37804611000001103
17305711000001106,Simvastatin 40mg/5ml oral suspension sugar free (Rosemont Pharmaceuticals Ltd),17305711000001106
17842111000001108,Simvastatin 40mg/5ml oral suspension sugar free (Alliance Healthcare (Distribution) Ltd),17842111000001108
18758211000001107,Simvastatin 40mg/5ml oral suspension sugar free (A A H Pharmaceuticals Ltd),18758211000001107
21898211000001107,Simvastatin 40mg/5ml oral suspension sugar free (Waymade Healthcare Plc),21898211000001107
37805111000001105,Simvastatin 40mg/5ml oral suspension sugar free (DE Pharmaceuticals),37805111000001105
13885811000001108,Simvastatin 40mg/5ml oral solution (Special Order),13885811000001108
13886111000001107,Simvastatin 40mg/5ml oral suspension (Special Order),13886111000001107
108111000001106,Zocor 10mg tablets (Merck Sharp & Dohme Ltd),108111000001106
776811000001104,Zocor 20mg tablets (Merck Sharp & Dohme Ltd),776811000001104
859611000001107,Zocor 40mg tablets (Merck Sharp & Dohme Ltd),859611000001107
113211000001106,Zocor 80mg tablets (Merck Sharp & Dohme Ltd),113211000001106
7952311000001102,Zocor Heart-Pro 10mg tablets (McNeil Products Ltd),7952311000001102
4896211000001101,Simvador 10mg tablets (Dexcel-Pharma Ltd),4896211000001101
4896511000001103,Simvador 20mg tablets (Dexcel-Pharma Ltd),4896511000001103
4896711000001108,Simvador 40mg tablets (Dexcel-Pharma Ltd),4896711000001108
15158611000001106,Simvador 80mg tablets (Dexcel-Pharma Ltd),15158611000001106
7632811000001108,Ranzolont 40mg tablets (Ranbaxy (UK) Ltd),7632811000001108
408036003,Rosuvastatin 10mg tablets,408036003
408037007,Rosuvastatin 20mg tablets,408037007
408024009,Rosuvastatin 40mg tablets,408024009
409108001,Rosuvastatin 5mg tablets,409108001
16075311000001101,Rosuvastatin 20mg/5ml oral suspension,16075311000001101
414177002,Simvastatin 20mg / Ezetimibe 10mg tablets,414177002
414178007,Simvastatin 40mg / Ezetimibe 10mg tablets,414178007
414179004,Simvastatin 80mg / Ezetimibe 10mg tablets,414179004
32234211000001101,Fenofibrate 145mg / Simvastatin 20mg tablets,32234211000001101
32234311000001109,Fenofibrate 145mg / Simvastatin 40mg tablets,32234311000001109
320029006,Atorvastatin 10mg tablets,320029006
320030001,Atorvastatin 20mg tablets,320030001
320031002,Atorvastatin 40mg tablets,320031002
134489001,Atorvastatin 80mg tablets,134489001
14018211000001101,Atorvastatin 20mg/5ml oral solution,14018211000001101
14158811000001101,Atorvastatin 40mg/5ml oral solution,14158811000001101
14158911000001106,Atorvastatin 40mg/5ml oral suspension,14158911000001106
14158611000001100,Atorvastatin 10mg/5ml oral solution,14158611000001100
14158711000001109,Atorvastatin 10mg/5ml oral suspension,14158711000001109
19722411000001106,Atorvastatin 10mg chewable tablets sugar free,19722411000001106
19722511000001105,Atorvastatin 20mg chewable tablets sugar free,19722511000001105
20528511000001106,Atorvastatin 30mg tablets,20528511000001106
20528611000001105,Atorvastatin 60mg tablets,20528611000001105
14018311000001109,Atorvastatin 20mg/5ml oral suspension,14018311000001109
320022002,Fluvastatin 20mg capsules,320022002
320023007,Fluvastatin 40mg capsules,320023007
36566411000001105,Fluvastatin 80mg modified-release tablets,36566411000001105
320012008,Pravastatin 10mg tablets,320012008
320013003,Pravastatin 20mg tablets,320013003
320014009,Pravastatin 40mg tablets,320014009
15534411000001108,Pravastatin 40mg/5ml oral solution,15534411000001108
15534511000001107,Pravastatin 40mg/5ml oral suspension,15534511000001107
14957711000001105,Pravastatin 5mg/5ml oral solution,14957711000001105
14957811000001102,Pravastatin 5mg/5ml oral suspension,14957811000001102
13894011000001102,Pravastatin 20mg/5ml oral solution,13894011000001102
13894111000001101,Pravastatin 20mg/5ml oral suspension,13894111000001101
28773011000001106,Pravastatin 5mg oral powder sachets,28773011000001106
319996000,Simvastatin 10mg tablets,319996000
319997009,Simvastatin 20mg tablets,319997009
320000009,Simvastatin 40mg tablets,320000009
8722011000001100,Simvastatin 10mg/5ml oral suspension,8722011000001100
8722111000001104,Simvastatin 20mg/5ml oral suspension,8722111000001104
13894211000001107,Simvastatin 20mg/5ml oral solution,13894211000001107
320006003,Simvastatin 80mg tablets,320006003
17369311000001105,Simvastatin 20mg/5ml oral suspension sugar free,17369311000001105
17429811000001102,Simvastatin 40mg/5ml oral suspension sugar free,17429811000001102
13894311000001104,Simvastatin 40mg/5ml oral solution,13894311000001104
13894411000001106,Simvastatin 40mg/5ml oral suspension,13894411000001106
320025000,VMP previous to 36566411000001105,320025000
4172411000001103,VMP previous to 408036003,4172411000001103
4172511000001104,VMP previous to 408037007,4172511000001104
4172611000001100,VMP previous to 408024009,4172611000001100
9315911000001100,VMP previous to 414177002,9315911000001100
9316011000001108,VMP previous to 414178007,9316011000001108
9316111000001109,VMP previous to 414179004,9316111000001109
39693011000001106,VMP subsequent to 320022002,39693011000001106
39693111000001107,VMP subsequent to 320023007,39693111000001107
39695411000001103,VMP subsequent to 320029006,39695411000001103
39733011000001106,VMP subsequent to 320030001,39733011000001106
39733111000001107,VMP subsequent to 320031002,39733111000001107
39733211000001101,VMP subsequent to 134489001,39733211000001101
42297211000001100,VMP subsequent to 408036003,42297211000001100
42297311000001108,VMP subsequent to 408037007,42297311000001108
42297411000001101,VMP subsequent to 408024009,42297411000001101
42297611000001103,VMP subsequent to 414179004,42297611000001103
42297711000001107,VMP subsequent to 320006003,42297711000001107
42379811000001108,VMP subsequent to 320012008,42379811000001108
42379911000001103,VMP subsequent to 320013003,42379911000001103
42380011000001102,VMP subsequent to 320014009,42380011000001102
42381811000001100,VMP subsequent to 409108001,42381811000001100
42381911000001105,VMP subsequent to 319996000,42381911000001105
42382011000001103,VMP subsequent to 414177002,42382011000001103
42382111000001102,VMP subsequent to 319997009,42382111000001102
42382211000001108,VMP subsequent to 414178007,42382211000001108
42382311000001100,VMP subsequent to 320000009,42382311000001100
